Workbook

Sheet README
A1: NEURO-METRO: AVUI — GAME CONFIG
A3: This workbook is the source of truth for all game content. The prototype reads no
A4: content values of its own — every number, ability, unit and rule comes from here.
A6: HOW THE ROUND TRIP WORKS
A7: 1. Edit any sheet in Google Sheets.
A8: 2. File > Download > Comma-separated values, one CSV per sheet.
A9: 3. Put the CSVs in a folder and run: python3 tools/build_data.py <folder>
A10: 4. That regenerates data.js. Reload the prototype. Nothing else to touch.
A12: COLUMN STATUS — the row under each header
A13: LIVE (green) the prototype reads this column today. Renaming it breaks the game.
A14: planned (yellow) reserved for design you have not built yet. Inert until wired up;
A15: safe to fill in early. Tell me when you want one activated.
... A43: checks live validation. Every row should read OK.

Sheet emotions
A1: One row per emotional type. 'token' is the CSS palette variable name; 'hex' drives every colour in the UI for this emotion.
A3: id | B3: name | C3: token | D3: hex | E3: short | F3: description | G3: enabled | H3: notes
A4: LIVE | B4: LIVE | C4: LIVE | D4: LIVE | E4: planned | F4: planned | G4: planned | H4: planned
A5: ANGER | B5: Anger | C5: fury | D5: #ff4d3d | E5: ANG | F5: Hot, direct, aggressive. | G5: 1
A6: SADNESS | B6: Sadness | C6: sorrow | D6: #4a86ff | E6: SAD | F6: Heavy, draining, persistent. | G6: 1
A7: JOY | B7: Joy | C7: euphoria | D7: #ffc63d | E7: JOY | F7: Bright, volatile, energising. | G7: 1
A8: APATHY | B8: Apathy | C8: apathy | D8: #8a7fa8 | E8: APA | F8: Blunt, numbing, absorbing. | G8: 1
A9: NOSTALGIA | B9: Nostalgia | C9: nostalgia | D9: #ff5fae | E9: NOS | F9: Warm, distracting, sticky. | G9: 1
A10: CALM | B10: Calm | C10: stoic | D10: #35d6b0 | E10: CAL | F10: Steady, defensive, restorative. | G10: 1

Sheet abilities
A1: One row per ability. kind: DAMAGE | SHIELD (add more kinds as you design them). power = damage for DAMAGE, shield charges for SHIELD. Leave 'emotion' blank for typeless — a typeless ability never matches a layer. 'suggested_cost' is a formula: a costing sanity check, not a rule.
A3: id | B3: name | C3: emotion | D3: cost | E3: kind | F3: power | G3: hits_layer | H3: icon | I3: target | J3: reach | K3: self_ms | L3: self_ec | M3: ec_push_target | N3: ec_drain_target | O3: heal | P3: shield_gain | Q3: pierce_shield | R3: ignore_layer | S3: repeat | T3: cooldown | U3: uses_per_battle | V3: status_apply | W3: status_chance | X3: status_duration | Y3: combo_tag | Z3: requires_prev_tag | AA3: synergy_group | AB3: wild_target | AC3: rarity | AD3: unlock | AE3: enabled | AF3: suggested_cost | AG3: cost_delta | AH3: notes
A4: LIVE | B4: LIVE | C4: LIVE | D4: LIVE | E4: LIVE | F4: LIVE | G4: LIVE | H4: LIVE | I4: planned | J4: planned | K4: planned | L4: planned | M4: planned | N4: planned | O4: planned | P4: planned | Q4: planned | R4: planned | S4: planned | T4: planned | U4: planned | V4: planned | W4: planned | X4: planned | Y4: planned | Z4: planned | AA4: planned | AB4: planned | AC4: planned | AD4: planned | AE4: planned | AF4: planned | AG4: planned | AH4: planned
A5: ATK_ANGER | B5: Anger | C5: ANGER | D5: 20 | E5: DAMAGE | F5: 35 | G5: 1 | H5: BOLT | I5: ENEMY | J5: SINGLE | K5: 0 | L5: 0 | M5: 0 | N5: 0 | O5: 0 | P5: 0 | Q5: 0 | R5: 0 | S5: 1 | T5: 0 | U5: 0 | W5: 0 | X5: 0 | AB5: LOWEST_MS | AC5: COMMON | AE5: 1 | AF5: =ROUND(F5*0.6 + M5*0.4 + O5*0.7 + P5*8 + ABS(K5)*0.3, 0) | AG5: =IFERROR(D5-AF5,"")
A6: ATK_SADNESS | B6: Sadness | C6: SADNESS | D6: 20 | E6: DAMAGE | F6: 35 | G6: 1 | H6: DROP | I6: ENEMY | J6: SINGLE | K6: 0 | L6: 0 | M6: 0 | N6: 0 | O6: 0 | P6: 0 | Q6: 0 | R6: 0 | S6: 1 | T6: 0 | U6: 0 | W6: 0 | X6: 0 | AB6: LOWEST_MS | AC6: COMMON | AE6: 1 | AF6: =ROUND(F6*0.6 + M6*0.4 + O6*0.7 + P6*8 + ABS(K6)*0.3, 0) | AG6: =IFERROR(D6-AF6,"")
A7: ATK_JOY | B7: Joy | C7: JOY | D7: 20 | E7: DAMAGE | F7: 35 | G7: 1 | H7: SPARK | I7: ENEMY | J7: SINGLE | K7: 0 | L7: 0 | M7: 0 | N7: 0 | O7: 0 | P7: 0 | Q7: 0 | R7: 0 | S7: 1 | T7: 0 | U7: 0 | W7: 0 | X7: 0 | AB7: LOWEST_MS | AC7: COMMON | AE7: 1 | AF7: =ROUND(F7*0.6 + M7*0.4 + O7*0.7 + P7*8 + ABS(K7)*0.3, 0) | AG7: =IFERROR(D7-AF7,"")
A8: DEFEND | B8: Defend | D8: 10 | E8: SHIELD | F8: 1 | G8: 0 | H8: SHIELD | I8: SELF | J8: SINGLE | K8: 0 | L8: 0 | M8: 0 | N8: 0 | O8: 0 | P8: 1 | Q8: 0 | R8: 0 | S8: 1 | T8: 0 | U8: 0 | W8: 0 | X8: 0 | AB8: SELF | AC8: COMMON | AE8: 1 | AF8: =ROUND(F8*0.6 + M8*0.4 + O8*0.7 + P8*8 + ABS(K8)*0.3, 0) | AG8: =IFERROR(D8-AF8,"")

Sheet matchups
A1: THE SYNERGY TABLE — the main lever for designing interactions. One row per attack-emotion x layer-emotion pair. '*' is a wildcard; 'NONE' in layer_emotion means the target has no layers. When several rows match, the HIGHEST priority wins, so specific rows beat wildcards. Add a row like JOY | SADNESS | 20 | 2.0 | 0 | CATHARSIS and that pairing immediately behaves differently — no code change.
A3: attack_emotion | B3: layer_emotion | C3: priority | D3: dmg_mult | E3: ec_mult | F3: label | G3: tag_class | H3: sound | I3: rotates_layer | J3: self_ec | K3: status_apply | L3: enabled | M3: notes
A4: LIVE | B4: LIVE | C4: LIVE | D4: LIVE | E4: LIVE | F4: LIVE | G4: LIVE | H4: planned | I4: planned | J4: planned | K4: planned | L4: planned | M4: planned
A5: * | B5: * | C5: 0 | D5: 1 | E5: 0 | F5: OFF TYPE | G5: off | H5: hit | J5: 0 | L5: 1 | M5: Fallback. Every pair you do not name lands here.
A6: * | B6: NONE | C6: 5 | D6: 1 | E6: 0 | F6: NO LAYER | G6: off | H6: hit | J6: 0 | L6: 1 | M6: Target has no layers left.
A7: ANGER | B7: ANGER | C7: 10 | D7: 0.5 | E7: 1 | F7: ABSORBED! | G7: absorb | H7: absorb | J7: 0 | L7: 1 | M7: Same emotion: the layer drinks it.
A8: SADNESS | B8: SADNESS | C8: 10 | D8: 0.5 | E8: 1 | F8: ABSORBED! | G8: absorb | H8: absorb | J8: 0 | L8: 1 | M8: Same emotion: the layer drinks it.
A9: JOY | B9: JOY | C9: 10 | D9: 0.5 | E9: 1 | F9: ABSORBED! | G9: absorb | H9: absorb | J9: 0 | L9: 1 | M9: Same emotion: the layer drinks it.
A10: APATHY | B10: APATHY | C10: 10 | D10: 0.5 | E10: 1 | F10: ABSORBED! | G10: absorb | H10: absorb | J10: 0 | L10: 1 | M10: Same emotion: the layer drinks it.
A11: NOSTALGIA | B11: NOSTALGIA | C11: 10 | D11: 0.5 | E11: 1 | F11: ABSORBED! | G11: absorb | H11: absorb | J11: 0 | L11: 1 | M11: Same emotion: the layer drinks it.
A12: CALM | B12: CALM | C12: 10 | D12: 0.5 | E12: 1 | F12: ABSORBED! | G12: absorb | H12: absorb | J12: 0 | L12: 1 | M12: Same emotion: the layer drinks it.

Sheet units
A1: One row per combatant. 'layers' is outermost-first and rotates as it takes hits. 'pool' is which abilities this unit may use. Add enemies by adding rows.
A3: id | B3: name | C3: emotion | D3: max_ms | E3: start_ec_pct | F3: layers | G3: pool | H3: ai_profile | I3: init | J3: start_shield | K3: max_layers_override | L3: tags | M3: enabled | N3: notes
A4: LIVE | B4: LIVE | C4: LIVE | D4: LIVE | E4: LIVE | F4: LIVE | G4: LIVE | H4: planned | I4: planned | J4: planned | K4: planned | L4: planned | M4: planned | N4: planned
A5: player | B5: You | D5: 400 | E5: 0.4 | F5: JOY|SADNESS | G5: ATK_ANGER|ATK_SADNESS|ATK_JOY|DEFEND | I5: 10 | J5: 0 | L5: PLAYER | M5: 1
A6: enemy | B6: The Commuter | C6: ANGER | D6: 250 | E6: 0.4 | F6: ANGER|ANGER|SADNESS | G6: ATK_ANGER|ATK_SADNESS|ATK_JOY|DEFEND | H6: GREEDY_MAX_DAMAGE | I6: 8 | J6: 0 | L6: ENEMY | M6: 1 | N6: AI reads the matchups sheet, so retuning it retunes the AI.

Sheet layer_types
A1: RESERVED. Layers are plain emotions today — units.layers holds emotion ids. This sheet exists for when a layer needs properties of its own (taking several hits to break, doing something when it breaks, or granting a passive while it is outermost).
A3: id | B3: emotion | C3: display_name | D3: durability | E3: on_break_effect | F3: on_break_value | G3: passive_effect | H3: passive_value | I3: regrow_delay_ms | J3: tags | K3: enabled | L3: notes
A4: planned | B4: planned | C4: planned | D4: planned | E4: planned | F4: planned | G4: planned | H4: planned | I4: planned | J4: planned | K4: planned | L4: planned
A5: EXAMPLE_BRITTLE_ANGER | B5: ANGER | C5: Brittle Anger | D5: 1 | E5: EC_TO_OWNER | F5: 10 | G5: DMG_TAKEN_MULT | H5: 1.25 | I5: 380 | J5: EXAMPLE | K5: 0 | L5: EXAMPLE ROW — shows the intended format. enabled=0, so it is ignored.

Sheet status_effects
A1: RESERVED. Buffs and debuffs. Reference an id from abilities.status_apply or matchups.status_apply.
A3: id | B3: name | C3: duration | D3: dmg_taken_mult | E3: dmg_dealt_mult | F3: ec_gain_mult | G3: ms_per_turn | H3: ec_per_turn | I3: blocks_actions | J3: stacking | K3: max_stacks | L3: icon | M3: color | N3: enabled | O3: notes
A4: planned | B4: planned | C4: planned | D4: planned | E4: planned | F4: planned | G4: planned | H4: planned | I4: planned | J4: planned | K4: planned | L4: planned | M4: planned | N4: planned | O4: planned
A5: EXAMPLE_NUMB | B5: Numb | C5: 1 | D5: 1 | E5: 1 | F5: 0.5 | G5: 0 | H5: 0 | I5: 0 | J5: REFRESH | K5: 1 | L5: SHIELD | M5: #8a7fa8 | N5: 0 | O5: EXAMPLE ROW — halves charge gained. enabled=0, so it is ignored.

Sheet synergies
A1: RESERVED. Line-level combos: things that depend on what else is in the line, or on what fired just before. trigger/subject/operator/value form the condition; effect/effect_value form the result. Tell me the ones you want and I will wire the vocabulary you use here.
A3: id | B3: name | C3: trigger | D3: subject | E3: operator | F3: value | G3: window | H3: effect | I3: effect_value | J3: applies_to | K3: priority | L3: enabled | M3: notes
A4: planned | B4: planned | C4: planned | D4: planned | E4: planned | F4: planned | G4: planned | H4: planned | I4: planned | J4: planned | K4: planned | L4: planned | M4: planned
A5: EXAMPLE_TRIPLE | B5: Monochrome Line | C5: LINE_CONTAINS | D5: EMOTION_COUNT | E5: >= | F5: 3 | G5: LINE | H5: DMG_MULT | I5: 1.5 | J5: ALL_STATIONS | K5: 10 | L5: 0 | M5: EXAMPLE ROW — three stations of one emotion in a line hit 50% harder. enabled=0.
A6: EXAMPLE_CHAIN | B6: Grief After Rage | C6: PREV_STATION | D6: EMOTION | E6: == | F6: ANGER | G6: STATION | H6: EC_MULT | I6: 2 | J6: THIS_STATION | K6: 20 | L6: 0 | M6: EXAMPLE ROW — a station firing straight after an Anger station gives double charge. enabled=0.

Sheet rules
A1: Global tunables. Keys are read by name — renaming one breaks whatever reads it.
A3: key | B3: value | C3: description
A4: LIVE | B4: LIVE | C4: planned
A5: lineCap | B5: 3 | C5: Stations per line.
A6: maxLayers | B6: 6 | C6: Layer slots per unit.
A7: restEc | B7: 15 | C7: Charge gained by departing with an empty line.
A8: ecBasis | B8: POWER | C8: POWER = charge figured from the ability's base power. DEALT = from damage actually dealt.
A9: noLayerDmgMult | B9: 1 | C9: Superseded by the matchups sheet; kept as a fallback.
A10: noLayerEcMult | B10: 0 | C10: Superseded by the matchups sheet; kept as a fallback.
A11: shieldRotatesLayer | B11: 0 | C11: Whether a blocked attack still rotates the layer queue.
A12: lowMsWarnPct | B12: 0.18 | C12: Below this fraction of max MS the ceiling chevron pulses red.
A13: clashSeconds | B13: 4 | C13: Length of the death sequence.
A14: layerEase | B14: 0.16 | C14: How fast layers slide to their new slot. Higher = snappier.
A15: layerWaveDelay | B15: 0.85 | C15: Phase offset per slot, so breathing travels outward in waves.
A16: layerInnerShrink | B16: 0.85 | C16: Curve of the radius falloff toward the centre.
A17: layerFill | B17: 0.42 | C17: Ring thickness as a fraction of the gap to the next slot.
A18: layerOuterThick | B18: 2 | C18: Thickness multiplier for the outermost (active) layer.
A19: layerInnerThick | B19: 0.9 | C19: Thickness multiplier for every layer behind it.
A20: layerFlashMs | B20: 240 | C20: How long a struck layer flashes white before vanishing.
... A32: crusherSteps | B32: 12 | C32: Audio bit-crusher quantisation. Low = Atari harsh, high = SNES-clean.

Sheet sounds
A1: Every sound is synthesised at runtime — there are no audio files. wave: square | sawtooth | triangle | sine | noise. f0/f1 sweep in Hz over 'dur' ms. 'echo' is how much of the sound feeds the shared delay line. Everything runs through a bit-crusher, which is where the crunch comes from.
A3: id | B3: wave | C3: f0 | D3: f1 | E3: dur | F3: gain | G3: echo | H3: description
A4: LIVE | B4: LIVE | C4: LIVE | D4: LIVE | E4: LIVE | F4: LIVE | G4: LIVE | H4: planned
A5: tap | B5: square | C5: 440 | D5: 660 | E5: 55 | F5: 0.2 | G5: 0.22 | H5: Adding an ability to the line.
A6: remove | B6: square | C6: 330 | D6: 160 | E6: 70 | F6: 0.16 | G6: 0.18 | H6: Removing a station.
A7: depart | B7: sawtooth | C7: 240 | D7: 70 | E7: 420 | F7: 0.26 | G7: 0.45 | H7: The line departs and charge is spent.
A8: travel | B8: square | C8: 150 | D8: 150 | E8: 38 | F8: 0.1 | G8: 0.15 | H8: Line scrolling to the next station.
A9: arrive | B9: square | C9: 880 | D9: 880 | E9: 45 | F9: 0.14 | G9: 0.3 | H9: Station reaches the head and lights up.
A10: hit | B10: noise | C10: 700 | D10: 700 | E10: 190 | F10: 0.34 | G10: 0.4 | H10: Off-type hit.
A11: absorb | B11: square | C11: 300 | D11: 1200 | E11: 260 | F11: 0.24 | G11: 0.5 | H11: Same-type hit: the layer absorbs it.
A12: block | B12: noise | C12: 1600 | D12: 1600 | E12: 90 | F12: 0.3 | G12: 0.35 | H12: Shield blocks, or shield goes up.
A13: breaklayer | B13: sawtooth | C13: 760 | D13: 80 | E13: 340 | F13: 0.28 | G13: 0.55 | H13: A layer flashes and breaks.
A14: regrow | B14: triangle | C14: 120 | D14: 520 | E14: 300 | F14: 0.16 | G14: 0.4 | H14: The broken layer regrows at the back.
A15: clash | B15: noise | C15: 240 | D15: 240 | E15: 1500 | F15: 0.4 | G15: 0.65 | H15: Death: the chevrons meet.
A16: win | B16: square | C16: 440 | D16: 1320 | E16: 620 | F16: 0.24 | G16: 0.55 | H16: Victory.
A17: lose | B17: sawtooth | C17: 320 | D17: 50 | E17: 950 | F17: 0.28 | G17: 0.6 | H17: Defeat.

Sheet checks
A1: LIVE VALIDATION — every row should read OK. Anything else means a broken reference.
A3: check | B3: expected | C3: actual | D3: status
A4: Abilities with an emotion not in 'emotions' | B4: 0 | C4: =SUMPRODUCT((abilities!C5:C200<>"")*(COUNTIF(emotions!A5:A200,abilities!C5:C200)=0)) | D4: =IF(C4=B4,"OK","CHECK")
A5: Abilities missing an id | B5: 0 | C5: =SUMPRODUCT((abilities!B5:B200<>"")*(abilities!A5:A200="")) | D5: =IF(C5=B5,"OK","CHECK")
A6: Units with a blank pool | B6: 0 | C6: =SUMPRODUCT((units!A5:A200<>"")*(units!G5:G200="")) | D6: =IF(C6=B6,"OK","CHECK")
A7: Matchup rows with no label | B7: 0 | C7: =SUMPRODUCT((matchups!A5:A200<>"")*(matchups!F5:F200="")) | D7: =IF(C7=B7,"OK","CHECK")
A8: Matchup attack emotions unknown (blank/*/NONE allowed) | B8: 0 | C8: =SUMPRODUCT((matchups!A5:A200<>"")*(matchups!A5:A200<>"*")*(matchups!A5:A200<>"NONE")*(COUNTIF(emotions!A5:A200,matchups!A5:A200)=0)) | D8: =IF(C8=B8,"OK","CHECK")
A9: Matchup layer emotions unknown (blank/*/NONE allowed) | B9: 0 | C9: =SUMPRODUCT((matchups!B5:B200<>"")*(matchups!B5:B200<>"*")*(matchups!B5:B200<>"NONE")*(COUNTIF(emotions!A5:A200,matchups!B5:B200)=0)) | D9: =IF(C9=B9,"OK","CHECK")
A10: Duplicate ability ids | B10: 0 | C10: =SUMPRODUCT((abilities!A5:A200<>"")*(COUNTIF(abilities!A5:A200,abilities!A5:A200&"")>1)) | D10: =IF(C10=B10,"OK","CHECK")
A11: Duplicate emotion ids | B11: 0 | C11: =SUMPRODUCT((emotions!A5:A200<>"")*(COUNTIF(emotions!A5:A200,emotions!A5:A200&"")>1)) | D11: =IF(C11=B11,"OK","CHECK")
A12: Enabled emotions | B12: 6 | C12: =SUMPRODUCT((emotions!A5:A200<>"")*(emotions!G5:G200=1)) | D12: =IF(C12=B12,"OK","CHECK")
A13: Enabled abilities | B13: 4 | C13: =SUMPRODUCT((abilities!A5:A200<>"")*(abilities!AE5:AE200=1)) | D13: =IF(C13=B13,"OK","CHECK")
