Workbook

Sheet README
A1: NEURO-METRO: AVUI — GAME CONFIG
A3: This workbook is the source of truth for all game content. The prototype reads no
A4: content values of its own — every number, ability, unit and rule comes from here.
A6: HOW THE ROUND TRIP WORKS
A7: 1. Edit any sheet in Google Sheets.
A8: 2. File > Download > Comma-separated values, one CSV per sheet.
A9: 3. Put the CSVs in a folder and run: python3 tools/build_data.py <folder>
A10: 4. That regenerates data.js. Reload the prototype. Nothing else to touch.
A12: COLUMN STATUS — the row under each header
A13: LIVE (green) the prototype reads this column today. Renaming it breaks the game.
A14: planned (yellow) reserved for design you have not built yet. Inert until wired up;
A15: safe to fill in early. Tell me when you want one activated.
... A44: checks live validation. Every row should read OK.

Sheet emotions
A1: One row per emotional type. 'token' is the CSS palette variable name; 'hex' drives every colour in the UI for this emotion; 'bg_hex' tints the battle backdrop when an enemy of this type is fought.
A3: id | B3: name | C3: token | D3: hex | E3: bg_hex | F3: short | G3: icon | H3: sfx | I3: description | J3: enabled | K3: notes
A4: LIVE | B4: LIVE | C4: LIVE | D4: LIVE | E4: LIVE | F4: planned | G4: LIVE | H4: LIVE | I4: planned | J4: planned | K4: planned
A5: ANGER | B5: Anger | C5: anger | D5: #e53859 | E5: #2a0810 | F5: ANG | G5: BOLT | H5: hit_anger | I5: Hot, direct, aggressive. | J5: 1
A6: SURPRISE | B6: Surprise | C6: surprise | D6: #724082 | E6: #170a1b | F6: SUR | G6: BURST | H6: hit_surprise | I6: Sudden, disruptive, disorienting. | J6: 1
A7: DISGUST | B7: Disgust | C7: disgust | D7: #56a36a | E7: #0c1f13 | F7: DIS | G7: ROT | H7: hit_disgust | I7: Rejecting, corrosive, contemptuous. | J7: 1
A8: JOY | B8: Joy | C8: joy | D8: #fcc336 | E8: #2a1f06 | F8: JOY | G8: SPARK | H8: hit_joy | I8: Bright, volatile, energising. | J8: 1
A9: SADNESS | B9: Sadness | C9: sadness | D9: #3d66c1 | E9: #0a1229 | F9: SAD | G9: DROP | H9: hit_sadness | I9: Heavy, draining, persistent. | J9: 1
A10: FEAR | B10: Fear | C10: fear | D10: #929fa5 | E10: #1a1e20 | F10: FEA | G10: EYE | H10: hit_fear | I10: Cold, freezing, evasive. | J10: 1

Sheet abilities
A1: One row per ability. kind: DAMAGE | SHIELD (add more kinds as you design them). power = damage for DAMAGE, shield charges for SHIELD. Leave 'emotion' blank for typeless — a typeless ability never matches a layer. 'suggested_cost' is a formula: a costing sanity check, not a rule.
A3: id | B3: name | C3: emotion | D3: cost | E3: kind | F3: power | G3: charge | H3: hits_layer | I3: icon | J3: target | K3: reach | L3: self_ms | M3: self_ec | N3: ec_push_target | O3: ec_drain_target | P3: heal | Q3: shield_gain | R3: pierce_shield | S3: ignore_layer | T3: repeat | U3: cooldown | V3: uses | W3: blurb | X3: action | Y3: emotions | Z3: crit_chance | AA3: status_apply | AB3: status_chance | AC3: status_duration | AD3: combo_tag | AE3: requires_prev_tag | AF3: synergy_group | AG3: wild_target | AH3: rarity | AI3: unlock | AJ3: enabled | AK3: suggested_cost | AL3: cost_delta | AM3: notes
A4: LIVE | B4: LIVE | C4: LIVE | D4: LIVE | E4: LIVE | F4: LIVE | G4: LIVE | H4: LIVE | I4: LIVE | J4: planned | K4: planned | L4: LIVE | M4: planned | N4: planned | O4: planned | P4: planned | Q4: planned | R4: planned | S4: planned | T4: planned | U4: LIVE | V4: LIVE | W4: LIVE | X4: LIVE | Y4: LIVE | Z4: LIVE | AA4: LIVE | AB4: planned | AC4: LIVE | AD4: planned | AE4: planned | AF4: planned | AG4: planned | AH4: planned | AI4: planned | AJ4: planned | AK4: planned | AL4: planned | AM4: planned
A5: ATK_ANGER | B5: Heated Punch | C5: ANGER | D5: 20 | E5: DAMAGE | F5: 35 | G5: 0 | H5: 1 | I5: BOLT | J5: ENEMY | K5: SINGLE | L5: 0 | M5: 0 | N5: 0 | O5: 0 | P5: 0 | Q5: 0 | R5: 0 | S5: 0 | T5: 1 | U5: 1 | V5: 3 | W5: Attack. Cracks the outermost {LAYER}. | X5: 0 | AB5: 0 | AC5: 0 | AG5: LOWEST_MS | AH5: COMMON | AJ5: 1 | AK5: =ROUND(G5*0.6 + N5*0.4 + P5*0.7 + Q5*8 + ABS(L5)*0.3, 0) | AL5: =IFERROR(D5-AG5,"")
A6: ATK_SADNESS | B6: Cold Shoulder | C6: SADNESS | D6: 20 | E6: DAMAGE | F6: 35 | G6: 0 | H6: 1 | I6: DROP | J6: ENEMY | K6: SINGLE | L6: 0 | M6: 0 | N6: 0 | O6: 0 | P6: 0 | Q6: 0 | R6: 0 | S6: 0 | T6: 1 | U6: 1 | V6: 3 | W6: Attack. Cracks the outermost {LAYER}. | X6: 0 | AB6: 0 | AC6: 0 | AG6: LOWEST_MS | AH6: COMMON | AJ6: 1 | AK6: =ROUND(G6*0.6 + N6*0.4 + P6*0.7 + Q6*8 + ABS(L6)*0.3, 0) | AL6: =IFERROR(D6-AG6,"")
A7: ATK_JOY | B7: Manic Grin | C7: JOY | D7: 20 | E7: DAMAGE | F7: 35 | G7: 0 | H7: 1 | I7: SPARK | J7: ENEMY | K7: SINGLE | L7: 0 | M7: 0 | N7: 0 | O7: 0 | P7: 0 | Q7: 0 | R7: 0 | S7: 0 | T7: 1 | U7: 1 | V7: 3 | W7: Attack. Cracks the outermost {LAYER}. | X7: 0 | AB7: 0 | AC7: 0 | AG7: LOWEST_MS | AH7: COMMON | AJ7: 1 | AK7: =ROUND(G7*0.6 + N7*0.4 + P7*0.7 + Q7*8 + ABS(L7)*0.3, 0) | AL7: =IFERROR(D7-AG7,"")
A8: DEFEND | B8: Block | D8: 10 | E8: SHIELD | F8: 1 | G8: 0 | H8: 0 | I8: SHIELD | J8: SELF | K8: SINGLE | L8: 0 | M8: 0 | N8: 0 | O8: 0 | P8: 0 | Q8: 1 | R8: 0 | S8: 0 | T8: 1 | U8: 1 | V8: 3 | W8: Defence. Blocks the next hit outright. | X8: 1 | AB8: 0 | AC8: 0 | AG8: SELF | AH8: COMMON | AJ8: 1 | AK8: =ROUND(G8*0.6 + N8*0.4 + P8*0.7 + Q8*8 + ABS(L8)*0.3, 0) | AL8: =IFERROR(D8-AG8,"")
A9: HVY_ANGER | B9: Rage | C9: ANGER | D9: 45 | E9: DAMAGE | F9: 90 | G9: 2 | H9: 1 | I9: BOLT | J9: ENEMY | K9: SINGLE | L9: 0 | M9: 0 | N9: 0 | O9: 0 | P9: 0 | Q9: 0 | R9: 0 | S9: 0 | T9: 1 | U9: 1 | V9: 2 | W9: Attack. *Charges* first, then hits for triple. | X9: 0 | AB9: 0 | AC9: 0 | AG9: LOWEST_MS | AH9: COMMON | AJ9: 1 | AK9: =ROUND(G9*0.6 + N9*0.4 + P9*0.7 + Q9*8 + ABS(L9)*0.3, 0) | AL9: =IFERROR(D9-AG9,"")
A10: HVY_SADNESS | B10: Grief | C10: SADNESS | D10: 45 | E10: DAMAGE | F10: 90 | G10: 2 | H10: 1 | I10: DROP | J10: ENEMY | K10: SINGLE | L10: 0 | M10: 0 | N10: 0 | O10: 0 | P10: 0 | Q10: 0 | R10: 0 | S10: 0 | T10: 1 | U10: 1 | V10: 2 | W10: Attack. *Charges* first, then hits for triple. | X10: 0 | AB10: 0 | AC10: 0 | AG10: LOWEST_MS | AH10: COMMON | AJ10: 1 | AK10: =ROUND(G10*0.6 + N10*0.4 + P10*0.7 + Q10*8 + ABS(L10)*0.3, 0) | AL10: =IFERROR(D10-AG10,"")
A11: HVY_JOY | B11: Mania | C11: JOY | D11: 60 | E11: DAMAGE | F11: 130 | G11: 3 | H11: 1 | I11: SPARK | J11: ENEMY | K11: SINGLE | L11: 0 | M11: 0 | N11: 0 | O11: 0 | P11: 0 | Q11: 0 | R11: 0 | S11: 0 | T11: 1 | U11: 1 | V11: 2 | W11: Attack. The hardest hit there is, after a long *charge*. | X11: 0 | AB11: 0 | AC11: 0 | AG11: LOWEST_MS | AH11: COMMON | AJ11: 1 | AK11: =ROUND(G11*0.6 + N11*0.4 + P11*0.7 + Q11*8 + ABS(L11)*0.3, 0) | AL11: =IFERROR(D11-AG11,"")
A12: RECHARGE | B12: Recharge | D12: 0 | E12: CHARGE | F12: 20 | G12: 0 | H12: 0 | I12: CHARGE | J12: SELF | K12: SINGLE | L12: 5 | M12: 0 | N12: 0 | O12: 0 | P12: 0 | Q12: 0 | R12: 0 | S12: 0 | T12: 1 | U12: 1 | V12: 3 | W12: Buff. Trades your own {MS} for {EC}. | X12: 1 | AB12: 0 | AC12: 0 | AG12: SELF | AH12: COMMON | AJ12: 1 | AK12: =ROUND(G12*0.6 + N12*0.4 + P12*0.7 + Q12*8 + ABS(L12)*0.3, 0) | AL12: =IFERROR(D12-AG12,"") | AM12: Gains 20 EC and costs 5 of your own MS — which also lowers your ceiling.
A13: GEN_DISGUST | B13: Bile | C13: DISGUST | D13: 15 | E13: ADDLAYER | F13: 1 | G13: 0 | H13: 0 | I13: ROT | J13: SELF | K13: SINGLE | L13: 0 | M13: 0 | N13: 0 | O13: 0 | P13: 0 | Q13: 0 | R13: 0 | S13: 0 | T13: 1 | U13: 1 | V13: 2 | W13: Defence. Grows a {LAYER} that *never regrows* once broken. | X13: 0 | AB13: 0 | AC13: 0 | AG13: SELF | AH13: COMMON | AJ13: 1 | AK13: =ROUND(G13*0.6 + N13*0.4 + P13*0.7 + Q13*8 + ABS(L13)*0.3, 0) | AL13: =IFERROR(D13-AG13,"") | AM13: Grows one extra Disgust layer. Grown layers are TEMPORARY: once broken they never regrow.
A14: GEN_ANGER | B14: Bristle | C14: ANGER | D14: 15 | E14: ADDLAYER | F14: 1 | G14: 0 | H14: 0 | I14: ROT | J14: SELF | K14: SINGLE | L14: 0 | M14: 0 | N14: 0 | O14: 0 | P14: 0 | Q14: 0 | R14: 0 | S14: 0 | T14: 1 | U14: 1 | V14: 2 | W14: Defence. Grows a {LAYER} that *never regrows* once broken. | X14: 0 | AB14: 0 | AC14: 0 | AG14: SELF | AH14: COMMON | AJ14: 1 | AK14: =ROUND(G14*0.6 + N14*0.4 + P14*0.7 + Q14*8 + ABS(L14)*0.3, 0) | AL14: =IFERROR(D14-AG14,"") | AM14: Grows one extra Anger layer. Grown layers are TEMPORARY: once broken they never regrow.
A15: ROT | B15: Fester | C15: DISGUST | D15: 25 | E15: DEBUFF | F15: 0 | G15: 0 | H15: 0 | I15: ROT | J15: ENEMY | K15: SINGLE | L15: 0 | M15: 0 | N15: 0 | O15: 0 | P15: 0 | Q15: 0 | R15: 0 | S15: 0 | T15: 1 | U15: 1 | V15: 2 | W15: Debuff. Target cannot regrow *2* {LAYERS} for *2 turns*. | X15: 0 | AA15: NO_REGEN | AB15: 0 | AC15: 2 | AG15: LOWEST_MS | AH15: COMMON | AJ15: 1 | AK15: =ROUND(G15*0.6 + N15*0.4 + P15*0.7 + Q15*8 + ABS(L15)*0.3, 0) | AL15: =IFERROR(D15-AG15,"") | AM15: For 2 turns the target cannot regrow 2 of its broken layers.
A16: INFLICT_SAD | B16: Self-Harm | C16: SADNESS | D16: 30 | E16: DEBUFF | F16: 0 | G16: 0 | H16: 0 | I16: DROP | J16: ENEMY | K16: SINGLE | L16: 0 | M16: 0 | N16: 0 | O16: 0 | P16: 0 | Q16: 0 | R16: 0 | S16: 0 | T16: 1 | U16: 1 | V16: 2 | W16: Status. Target attacks *itself* each round for *2 turns*. | X16: 0 | AA16: SAD | AB16: 0 | AC16: 2 | AG16: LOWEST_MS | AH16: COMMON | AJ16: 1 | AK16: =ROUND(G16*0.6 + N16*0.4 + P16*0.7 + Q16*8 + ABS(L16)*0.3, 0) | AL16: =IFERROR(D16-AG16,"") | AM16: Each round end the target turns one of its own attacks on itself. NOTE: distinct from SELF_HARM, which is the Overload-forced station.
A17: BLIND | B17: Blinded by Hate | C17: ANGER | D17: 30 | E17: DEBUFF | F17: 0 | G17: 0 | H17: 0 | I17: EYE | J17: ENEMY | K17: SINGLE | L17: 0 | M17: 0 | N17: 0 | O17: 0 | P17: 0 | Q17: 0 | R17: 0 | S17: 0 | T17: 1 | U17: 1 | V17: 2 | W17: Debuff. Target *misses half* its attacks for *2 turns*. | X17: 0 | AA17: BLINDED | AB17: 0 | AC17: 2 | AG17: LOWEST_MS | AH17: COMMON | AJ17: 1 | AK17: =ROUND(G17*0.6 + N17*0.4 + P17*0.7 + Q17*8 + ABS(L17)*0.3, 0) | AL17: =IFERROR(D17-AG17,"") | AM17: ENEMY ability. The target misses half its attacks for 2 turns.
A18: SELF_HARM | B18: Self Harm | D18: 0 | E18: SELFHARM | F18: 25 | G18: 0 | H18: 0 | I18: WARN | J18: SELF | K18: SINGLE | L18: 0 | M18: 0 | N18: 0 | O18: 0 | P18: 0 | Q18: 0 | R18: 0 | S18: 0 | T18: 1 | U18: 0 | V18: 0 | W18: Status. Forced by {OVERLOAD}; costs you {MS}. | X18: 0 | AB18: 0 | AC18: 0 | AG18: SELF | AH18: OVERLOAD | AJ18: 1 | AK18: =ROUND(G18*0.6 + N18*0.4 + P18*0.7 + Q18*8 + ABS(L18)*0.3, 0) | AL18: =IFERROR(D18-AG18,"") | AM18: OVERLOAD ONLY. Forced into your line when Charge passes your ceiling. Cannot be moved or removed.
A19: FEED | B19: Feed | D19: 0 | E19: FEED | F19: 30 | G19: 0 | H19: 0 | I19: DROP | J19: ENEMY | K19: SINGLE | L19: 0 | M19: 0 | N19: 0 | O19: 0 | P19: 0 | Q19: 0 | R19: 0 | S19: 0 | T19: 1 | U19: 0 | V19: 0 | W19: Status. Forced by {OVERLOAD}; *heals* your opponent. | X19: 0 | AB19: 0 | AC19: 0 | AG19: AS_WRITTEN | AH19: OVERLOAD | AJ19: 1 | AK19: =ROUND(G19*0.6 + N19*0.4 + P19*0.7 + Q19*8 + ABS(L19)*0.3, 0) | AL19: =IFERROR(D19-AG19,"") | AM19: OVERLOAD ONLY. Heals your opponent. Cannot be moved or removed.

Sheet loadouts
A1: One Loadout per emotion; the player carries `equippedSlots` of them into a battle (units.loadouts). A Loadout may hold any ability whose emotion set includes its own emotion — see abilities.emotions for hybrids. Blank slots render as empty.
A3: id | B3: emotion | C3: name | D3: slot1 | E3: slot2 | F3: slot3 | G3: slot4 | H3: enabled | I3: notes
A4: LIVE | B4: LIVE | C4: LIVE | D4: LIVE | E4: LIVE | F4: LIVE | G4: LIVE | H4: LIVE | I4: planned
A5: LO_ANGER | B5: ANGER | C5: Anger | D5: ATK_ANGER | E5: HVY_ANGER | F5: GEN_ANGER | H5: 1
A6: LO_SADNESS | B6: SADNESS | C6: Sadness | D6: ATK_SADNESS | E6: HVY_SADNESS | F6: INFLICT_SAD | H6: 1
A7: LO_JOY | B7: JOY | C7: Joy | D7: ATK_JOY | E7: HVY_JOY | H7: 1
A8: LO_DISGUST | B8: DISGUST | C8: Disgust | D8: GEN_DISGUST | E8: ROT | H8: 1
A9: LO_SURPRISE | B9: SURPRISE | C9: Surprise | H9: 1 | I9: No Surprise abilities exist yet.
A10: LO_FEAR | B10: FEAR | C10: Fear | H10: 1 | I10: No Fear abilities exist yet.

Sheet matchups
A1: THE SYNERGY TABLE — the main lever for designing interactions. One row per attack-emotion x layer-emotion pair. '*' is a wildcard; 'NONE' in layer_emotion means the target has no layers. When several rows match, the HIGHEST priority wins, so specific rows beat wildcards. Add a row like JOY | SADNESS | 20 | 2.0 | 0 | CATHARSIS and that pairing immediately behaves differently — no code change.
A3: attack_emotion | B3: layer_emotion | C3: priority | D3: dmg_mult | E3: ec_mult | F3: label | G3: tag_class | H3: sound | I3: rotates_layer | J3: self_ec | K3: status_apply | L3: enabled | M3: notes
A4: LIVE | B4: LIVE | C4: LIVE | D4: LIVE | E4: LIVE | F4: LIVE | G4: LIVE | H4: planned | I4: planned | J4: planned | K4: planned | L4: planned | M4: planned
A5: * | B5: * | C5: 0 | D5: 1 | E5: 0 | F5: OFF TYPE | G5: off | H5: hit | J5: 0 | L5: 1 | M5: Fallback. Every pair you do not name lands here.
A6: * | B6: NONE | C6: 5 | D6: 2 | E6: 0 | F6: EXPOSED! | G6: dmg | H6: hit | J6: 0 | L6: 1 | M6: No layers left: double damage, no charge.
A7: ANGER | B7: ANGER | C7: 10 | D7: 0.5 | E7: 1 | F7: ABSORBED! | G7: absorb | H7: absorb | J7: 0 | L7: 1 | M7: Same emotion: the layer drinks it.
A8: SURPRISE | B8: SURPRISE | C8: 10 | D8: 0.5 | E8: 1 | F8: ABSORBED! | G8: absorb | H8: absorb | J8: 0 | L8: 1 | M8: Same emotion: the layer drinks it.
A9: DISGUST | B9: DISGUST | C9: 10 | D9: 0.5 | E9: 1 | F9: ABSORBED! | G9: absorb | H9: absorb | J9: 0 | L9: 1 | M9: Same emotion: the layer drinks it.
A10: JOY | B10: JOY | C10: 10 | D10: 0.5 | E10: 1 | F10: ABSORBED! | G10: absorb | H10: absorb | J10: 0 | L10: 1 | M10: Same emotion: the layer drinks it.
A11: SADNESS | B11: SADNESS | C11: 10 | D11: 0.5 | E11: 1 | F11: ABSORBED! | G11: absorb | H11: absorb | J11: 0 | L11: 1 | M11: Same emotion: the layer drinks it.
A12: FEAR | B12: FEAR | C12: 10 | D12: 0.5 | E12: 1 | F12: ABSORBED! | G12: absorb | H12: absorb | J12: 0 | L12: 1 | M12: Same emotion: the layer drinks it.

Sheet units
A1: One row per combatant. 'layers' is outermost-first and rotates as it takes hits. 'pool' is which abilities this unit may use. Add enemies by adding rows.
A3: id | B3: name | C3: emotion | D3: max_ms | E3: start_ec_pct | F3: layers | G3: pool | H3: line_dir | I3: line_cap | J3: max_bonus_slots | K3: loadouts | L3: ai_profile | M3: init | N3: start_shield | O3: max_layers_override | P3: tags | Q3: enabled | R3: notes
A4: LIVE | B4: LIVE | C4: LIVE | D4: LIVE | E4: LIVE | F4: LIVE | G4: LIVE | H4: LIVE | I4: LIVE | J4: LIVE | K4: LIVE | L4: planned | M4: planned | N4: planned | O4: planned | P4: planned | Q4: planned | R4: planned
A5: player | B5: You | D5: 400 | E5: 0.4 | F5: JOY|SADNESS | G5: ATK_ANGER|ATK_SADNESS|ATK_JOY|DEFEND|RECHARGE|HVY_ANGER|HVY_SADNESS|HVY_JOY|GEN_DISGUST|GEN_ANGER|ROT|INFLICT_SAD | H5: 1 | I5: 3 | J5: 6 | K5: LO_ANGER|LO_SADNESS|LO_JOY | M5: 10 | N5: 0 | P5: PLAYER | Q5: 1
A6: enemy | B6: The Commuter | C6: ANGER | D6: 250 | E6: 0.4 | F6: ANGER|ANGER|SADNESS | G6: ATK_ANGER|ATK_SADNESS|ATK_JOY|DEFEND|RECHARGE|HVY_ANGER|HVY_SADNESS|HVY_JOY|BLIND | H6: -1 | I6: 3 | J6: 6 | L6: GREEDY_MAX_DAMAGE | M6: 8 | N6: 0 | P6: ENEMY | Q6: 1 | R6: AI reads the matchups sheet, so retuning it retunes the AI.

Sheet dialogue
A1: What each enemy says. states: INTRO (battle start) - WINNING (player drops below 20% MS) - LOSING (this enemy drops below 20% MS) - DEFEAT (this enemy dies). A battle picks one persona at random from the rows matching the enemy's emotion, so the same enemy type speaks differently each run. NOTE: this sheet uses Anger/Disgust/Sadness/Fear/Joy/Surprise, which is NOT the same six as the emotions sheet - only Anger, Sadness and Joy line up. See the README.
A3: emotion | B3: persona | C3: state | D3: line | E3: enabled | F3: notes
A4: LIVE | B4: LIVE | C4: LIVE | D4: LIVE | E4: planned | F4: planned
A5: ANGER | B5: The Evicted | C5: INTRO | D5: Thirty years in this flat and they sell it to a fund! I'LL BURN IT DOWN WITH YOU IN IT! | E5: 1
A6: ANGER | B6: The Evicted | C6: WINNING | D6: Choke on the ashes! CHOKE ON THEM! | E6: 1
A7: ANGER | B7: The Evicted | C7: LOSING | D7: No... my things... my life... | E7: 1
A8: ANGER | B8: The Evicted | C8: DEFEAT | D8: Just let me... lock the door... one last time. | E8: 1
A9: ANGER | B9: The Exploited | C9: INTRO | D9: Fourteen hours biking in the rain for three euros! I'LL BREAK YOUR FUCKING LEGS! | E9: 1
A10: ANGER | B10: The Exploited | C10: WINNING | D10: Take your luxury takeout and choke on it! | E10: 1
A11: ANGER | B11: The Exploited | C11: LOSING | D11: My bike... I can't afford to fix my bike... | E11: 1
A12: ANGER | B12: The Exploited | C12: DEFEAT | D12: The app... it says I'm deactivated... | E12: 1
A13: ANGER | B13: The Betrayed | C13: INTRO | D13: You think a text message makes up for six months of lies?! I'LL TEAR YOUR THROAT OUT! | E13: 1
A14: ANGER | B14: The Betrayed | C14: WINNING | D14: Look at me! Look at me when I'm screaming at you! | E14: 1
A15: ANGER | B15: The Betrayed | C15: LOSING | D15: Stop deflecting... stop making me the crazy one! | E15: 1
A16: ANGER | B16: The Betrayed | C16: DEFEAT | D16: I just... wanted the truth. | E16: 1
... A124: SURPRISE | B124: The Ghost | C124: DEFEAT | D124: I died... I died under the metro... | E124: 1

Sheet prompts
A1: The cue above the attack line. One is picked at random each turn.
A3: id | B3: text | C3: enabled | D3: notes
A4: LIVE | B4: LIVE | C4: LIVE | D4: planned
A5: p01 | B5: Whatcha gonna do? | C5: 1
A6: p02 | B6: How did that make you feel? | C6: 1
A7: p03 | B7: Act! | C7: 1
A8: p04 | B8: R U OK? | C8: 1
A9: p05 | B9: Show them. | C9: 1
A10: p06 | B10: Say something. | C10: 1
A11: p07 | B11: Your move. | C11: 1
A12: p08 | B12: Don't just stand there. | C12: 1
A13: p09 | B13: Feel it. | C13: 1
A14: p10 | B14: What now? | C14: 1
A15: p11 | B15: Answer that. | C15: 1
A16: p12 | B16: Let it out. | C16: 1
... A19: p15 | B19: Do something. | C19: 1

Sheet moments
A1: Title-screen mood line: "Barcelona, <weekday>, <phrase>." day is MON..SUN or * for any. Hours are Barcelona local, to_hour exclusive; a band may wrap past midnight. Highest priority wins, ties are random.
A3: id | B3: day | C3: from_hour | D3: to_hour | E3: phrase | F3: priority | G3: enabled | H3: notes
A4: LIVE | B4: LIVE | C4: LIVE | D4: LIVE | E4: LIVE | F4: LIVE | G4: LIVE | H4: planned
A5: dawn_1 | B5: * | C5: 5 | D5: 7 | E5: the first light is still deciding | F5: 0 | G5: 1
A6: dawn_2 | B6: * | C6: 5 | D6: 7 | E6: nobody has spoken yet today | F6: 0 | G6: 1
A7: morn_1 | B7: * | C7: 7 | D7: 10 | E7: early morning | F7: 0 | G7: 1
A8: morn_2 | B8: * | C8: 7 | D8: 10 | E8: the early carriages are full of unfinished sleep | F8: 0 | G8: 1
A9: morn_3 | B9: * | C9: 7 | D9: 10 | E9: everyone is already late | F9: 0 | G9: 1
A10: mid_1 | B10: * | C10: 10 | D10: 13 | E10: middle of the day | F10: 0 | G10: 1
A11: mid_2 | B11: * | C11: 10 | D11: 13 | E11: the light is flat and honest | F11: 0 | G11: 1
A12: noon_1 | B12: * | C12: 13 | D12: 16 | E12: all afternoon ahead | F12: 0 | G12: 1
A13: noon_2 | B13: * | C13: 13 | D13: 16 | E13: the long slow part of the day | F13: 0 | G13: 1
A14: late_1 | B14: * | C14: 16 | D14: 19 | E14: the afternoon is running out | F14: 0 | G14: 1
A15: late_2 | B15: * | C15: 16 | D15: 19 | E15: everyone is going somewhere they did not choose | F15: 0 | G15: 1
A16: dusk_1 | B16: * | C16: 19 | D16: 21 | E16: somber twilight | F16: 0 | G16: 1
... A32: sun_dusk | B32: SUN | C32: 19 | D32: 24 | E32: sunday dusk, and monday already breathing on it | F32: 2 | G32: 1

Sheet layer_types
A1: RESERVED. Layers are plain emotions today — units.layers holds emotion ids. This sheet exists for when a layer needs properties of its own (taking several hits to break, doing something when it breaks, or granting a passive while it is outermost).
A3: id | B3: emotion | C3: display_name | D3: durability | E3: on_break_effect | F3: on_break_value | G3: passive_effect | H3: passive_value | I3: regrow_delay_ms | J3: tags | K3: enabled | L3: notes
A4: planned | B4: planned | C4: planned | D4: planned | E4: planned | F4: planned | G4: planned | H4: planned | I4: planned | J4: planned | K4: planned | L4: planned
A5: EXAMPLE_BRITTLE_ANGER | B5: ANGER | C5: Brittle Anger | D5: 1 | E5: EC_TO_OWNER | F5: 10 | G5: DMG_TAKEN_MULT | H5: 1.25 | I5: 380 | J5: EXAMPLE | K5: 0 | L5: EXAMPLE ROW — shows the intended format. enabled=0, so it is ignored.

Sheet status_effects
A1: One row per status. Abilities apply these by id through status_apply / status_duration. Add a status by adding a row and teaching Kinds what reads it.
A3: id | B3: name | C3: duration | D3: icon | E3: color | F3: blurb | G3: block_regen | H3: miss_chance | I3: self_hits | J3: crit_mult | K3: dmg_taken_mult | L3: dmg_dealt_mult | M3: ec_gain_mult | N3: ms_per_turn | O3: ec_per_turn | P3: blocks_actions | Q3: stacking | R3: max_stacks | S3: enabled | T3: notes
A4: LIVE | B4: LIVE | C4: LIVE | D4: LIVE | E4: LIVE | F4: LIVE | G4: LIVE | H4: LIVE | I4: LIVE | J4: LIVE | K4: planned | L4: planned | M4: planned | N4: planned | O4: planned | P4: planned | Q4: planned | R4: planned | S4: LIVE | T4: planned
A5: NO_REGEN | B5: Rotting | C5: 2 | D5: ROT | E5: #56a36a | F5: *2* of your broken {LAYERS} are being held down. They stay broken until this wears off. | G5: 2 | H5: 0 | I5: 0 | J5: 0 | K5: 1 | L5: 1 | M5: 1 | N5: 0 | O5: 0 | P5: 0 | Q5: REFRESH | R5: 1 | S5: 1 | T5: Holds this many broken layers down: they stay broken while it lasts.
A6: SAD | B6: Sad | C6: 2 | D6: DROP | E6: #3d66c1 | F6: At the end of every round one of your own attacks is turned *on yourself*. | G6: 0 | H6: 0 | I6: 1 | J6: 0 | K6: 1 | L6: 1 | M6: 1 | N6: 0 | O6: 0 | P6: 0 | Q6: REFRESH | R6: 1 | S6: 1 | T6: Each round end the victim turns one of its OWN attacks on itself.
A7: OVERLOAD | B7: Overload | C7: 0 | D7: WARN | E7: #e53859 | F7: Your {EC} is over your {MS}. Your line is being invaded until you burn it down. | G7: 0 | H7: 0 | I7: 0 | J7: 0 | K7: 1 | L7: 1 | M7: 1 | N7: 0 | O7: 0 | P7: 0 | Q7: REFRESH | R7: 1 | S7: 1 | T7: DERIVED, not timed: it lasts while ec > ms, so it is never stored in unit.statuses.
A8: BLINDED | B8: Blinded | C8: 2 | D8: EYE | E8: #e53859 | F8: {ANGER} has blotted out your aim. *Half* of your attacks miss outright. | G8: 0 | H8: 0.5 | I8: 0 | J8: 0 | K8: 1 | L8: 1 | M8: 1 | N8: 0 | O8: 0 | P8: 0 | Q8: REFRESH | R8: 1 | S8: 1 | T8: The victim fluffs this fraction of its attacks.

Sheet synergies
A1: RESERVED. Line-level combos: things that depend on what else is in the line, or on what fired just before. trigger/subject/operator/value form the condition; effect/effect_value form the result. Tell me the ones you want and I will wire the vocabulary you use here.
A3: id | B3: name | C3: trigger | D3: subject | E3: operator | F3: value | G3: window | H3: effect | I3: effect_value | J3: applies_to | K3: priority | L3: enabled | M3: notes
A4: planned | B4: planned | C4: planned | D4: planned | E4: planned | F4: planned | G4: planned | H4: planned | I4: planned | J4: planned | K4: planned | L4: planned | M4: planned
A5: EXAMPLE_TRIPLE | B5: Monochrome Line | C5: LINE_CONTAINS | D5: EMOTION_COUNT | E5: >= | F5: 3 | G5: LINE | H5: DMG_MULT | I5: 1.5 | J5: ALL_STATIONS | K5: 10 | L5: 0 | M5: EXAMPLE ROW — three stations of one emotion in a line hit 50% harder. enabled=0.
A6: EXAMPLE_CHAIN | B6: Grief After Rage | C6: PREV_STATION | D6: EMOTION | E6: == | F6: ANGER | G6: STATION | H6: EC_MULT | I6: 2 | J6: THIS_STATION | K6: 20 | L6: 0 | M6: EXAMPLE ROW — a station firing straight after an Anger station gives double charge. enabled=0.

Sheet rules
A1: Global tunables. Keys are read by name — renaming one breaks whatever reads it.
A3: key | B3: value | C3: description
A4: LIVE | B4: LIVE | C4: planned
A5: lineCap | B5: 3 | C5: FALLBACK line size, used only if a unit row leaves line_cap blank.
A6: maxLayers | B6: 6 | C6: Layer slots per unit.
A7: restEc | B7: 15 | C7: Charge gained by departing with an empty line.
A8: ecBasis | B8: POWER | C8: POWER = charge figured from the ability's base power. DEALT = from damage actually dealt.
A9: noLayerDmgMult | B9: 1 | C9: Superseded by the matchups sheet; kept as a fallback.
A10: noLayerEcMult | B10: 0 | C10: Superseded by the matchups sheet; kept as a fallback.
A11: shieldRotatesLayer | B11: 0 | C11: Whether a blocked attack still rotates the layer queue.
A12: lowMsWarnPct | B12: 0.18 | C12: Below this fraction of max MS the ceiling chevron pulses red.
A13: clashSeconds | B13: 4 | C13: Length of the death sequence.
A14: layerRegenAtTurnEnd | B14: 1 | C14: Broken layers stay gone until the round ends, then regrow at the back of the queue.
A15: chargeStepMs | B15: 260 | C15: How long each charge segment holds before the next.
A16: flyMs | B16: 120 | C16: How long a station takes to fly across and strike the target.
A17: typeMs | B17: 32 | C17: Delay between letters of dialogue.
A18: dialogueHoldMs | B18: 3000 | C18: How long a finished line stays on screen before it fades.
A19: lowHpTalkPct | B19: 0.2 | C19: Fraction of max MS below which the winning / losing lines fire.
A20: overloadSlotPer | B20: 0.25 | C20: Every this-much overflow (as a fraction of max MS) forces one more corrupted slot.
... A89: ecScrollSpeed | B89: 0.0044 | C89: How fast the charge gradient drifts along the bar.
A90: themeOpening | B90: audio/theme-opening.wav | C90: Theme part 1: plays once.
A91: themeLoop | B91: audio/theme-loop.wav | C91: Theme part 2: loops for ever, scheduled to start the instant part 1 ends.
A92: musicFadeMs | B92: 900 | C92: How quickly the theme fades out when the battle ends.
A93: musicVolume | B93: 0.3 | C93: Theme level. Lower this if the sound effects are getting buried.
A94: sfxVolume | B94: 1.05 | C94: Sound-effect level, mixed against musicVolume.
A95: layerEase | B95: 0.16 | C95: How fast layers slide to their new slot. Higher = snappier.
A96: layerWaveDelay | B96: 0.85 | C96: Phase offset per slot, so breathing travels outward in waves.
A97: layerInnerShrink | B97: 0.85 | C97: Curve of the radius falloff toward the centre.
A98: layerFill | B98: 0.42 | C98: Ring thickness as a fraction of the gap to the next slot.
A99: layerOuterThick | B99: 2 | C99: Thickness multiplier for the outermost (active) layer.
A100: layerInnerThick | B100: 0.9 | C100: Thickness multiplier for every layer behind it.
A101: layerFlashMs | B101: 50 | C101: How long a struck layer flashes white before vanishing.
A102: layerGapMs | B102: 18 | C102: Beat between the layer vanishing and it regrowing at the back.
A103: layerRegrowMs | B103: 380 | C103: How long the regrow beat holds before resolution continues.
... A113: crusherSteps | B113: 12 | C113: Audio bit-crusher quantisation. Low = Atari harsh, high = SNES-clean.

Sheet sounds
A1: Every sound is synthesised at runtime — there are no audio files. wave: square | sawtooth | triangle | sine | noise. f0/f1 sweep in Hz over 'dur' ms. 'echo' is how much of the sound feeds the shared delay line. Everything runs through a bit-crusher, which is where the crunch comes from.
A3: id | B3: wave | C3: f0 | D3: f1 | E3: dur | F3: gain | G3: echo | H3: description
A4: LIVE | B4: LIVE | C4: LIVE | D4: LIVE | E4: LIVE | F4: LIVE | G4: LIVE | H4: planned
A5: tap | B5: square | C5: 980 | D5: 1460 | E5: 80 | F5: 0.46 | G5: 0.3 | H5: Adding an ability to the line.
A6: place | B6: square | C6: 620 | D6: 1760 | E6: 130 | F6: 0.4 | G6: 0.35 | H6: The station lands on your line and flashes white.
A7: resist | B7: square | C7: 880 | D7: 760 | E7: 120 | F7: 0.34 | G7: 0.3 | H7: A layer shrugs off its own emotion. Played twice, descending.
A8: hit_anger | B8: square | C8: 300 | D8: 90 | E8: 150 | F8: 0.36 | G8: 0.28 | H8: Anger lands: hard and low.
A9: hit_surprise | B9: sawtooth | C9: 1200 | D9: 300 | E9: 130 | F9: 0.3 | G9: 0.34 | H9: Surprise lands: a sharp drop.
A10: hit_disgust | B10: noise | C10: 420 | D10: 200 | E10: 180 | F10: 0.3 | G10: 0.3 | H10: Disgust lands: wet and dull.
A11: hit_joy | B11: square | C11: 900 | D11: 1800 | E11: 120 | F11: 0.3 | G11: 0.32 | H11: Joy lands: bright and rising.
A12: hit_sadness | B12: triangle | C12: 520 | D12: 180 | E12: 220 | F12: 0.3 | G12: 0.38 | H12: Sadness lands: a long fall.
A13: hit_fear | B13: noise | C13: 900 | D13: 1400 | E13: 120 | F13: 0.26 | G13: 0.4 | H13: Fear lands: a cold hiss.
A14: buff_up | B14: square | C14: 420 | D14: 1500 | E14: 260 | F14: 0.28 | G14: 0.35 | H14: Something is lifted.
A15: debuff_down | B15: sawtooth | C15: 1500 | D15: 260 | E15: 300 | F15: 0.3 | G15: 0.38 | H15: Something is dragged down.
A16: status_on | B16: noise | C16: 200 | D16: 1100 | E16: 520 | F16: 0.32 | G16: 0.5 | H16: A status takes hold.
... A32: lose | B32: sawtooth | C32: 320 | D32: 50 | E32: 950 | F32: 0.28 | G32: 0.6 | H32: Defeat.

Sheet checks
A1: LIVE VALIDATION — every row should read OK. Anything else means a broken reference.
A3: check | B3: expected | C3: actual | D3: status
A4: Abilities with an emotion not in 'emotions' | B4: 0 | C4: =SUMPRODUCT((abilities!C5:C200<>"")*(COUNTIF(emotions!A5:A200,abilities!C5:C200)=0)) | D4: =IF(C4=B4,"OK","CHECK")
A5: Abilities missing an id | B5: 0 | C5: =SUMPRODUCT((abilities!B5:B200<>"")*(abilities!A5:A200="")) | D5: =IF(C5=B5,"OK","CHECK")
A6: Units with a blank pool | B6: 0 | C6: =SUMPRODUCT((units!A5:A200<>"")*(units!G5:G200="")) | D6: =IF(C6=B6,"OK","CHECK")
A7: Matchup rows with no label | B7: 0 | C7: =SUMPRODUCT((matchups!A5:A200<>"")*(matchups!F5:F200="")) | D7: =IF(C7=B7,"OK","CHECK")
A8: Matchup attack emotions unknown (blank/*/NONE allowed) | B8: 0 | C8: =SUMPRODUCT((matchups!A5:A200<>"")*(matchups!A5:A200<>"*")*(matchups!A5:A200<>"NONE")*(COUNTIF(emotions!A5:A200,matchups!A5:A200)=0)) | D8: =IF(C8=B8,"OK","CHECK")
A9: Matchup layer emotions unknown (blank/*/NONE allowed) | B9: 0 | C9: =SUMPRODUCT((matchups!B5:B200<>"")*(matchups!B5:B200<>"*")*(matchups!B5:B200<>"NONE")*(COUNTIF(emotions!A5:A200,matchups!B5:B200)=0)) | D9: =IF(C9=B9,"OK","CHECK")
A10: Duplicate ability ids | B10: 0 | C10: =SUMPRODUCT((abilities!A5:A200<>"")*(COUNTIF(abilities!A5:A200,abilities!A5:A200&"")>1)) | D10: =IF(C10=B10,"OK","CHECK")
A11: Duplicate emotion ids | B11: 0 | C11: =SUMPRODUCT((emotions!A5:A200<>"")*(COUNTIF(emotions!A5:A200,emotions!A5:A200&"")>1)) | D11: =IF(C11=B11,"OK","CHECK")
A12: Enabled emotions | B12: 6 | C12: =SUMPRODUCT((emotions!A5:A200<>"")*(emotions!G5:G200=1)) | D12: =IF(C12=B12,"OK","CHECK")
A13: Enabled abilities | B13: 10 | C13: =SUMPRODUCT((abilities!A5:A200<>"")*(abilities!AF5:AF200=1)) | D13: =IF(C13=B13,"OK","CHECK")
